{
	"name": "电路调试",
	"icon": "rs_ctr2:probe",
	"category": "rs_ctr2:basics",
	"pages": [
		{
			"type": "patchouli:text",
			"text": "复杂的设备在第一次尝试时无法按预期工作是相对正常的。无论是被忽视的边缘情况还是组件的行为与您想象的不同，有很多事情可能会出错。 \\p以下页面解释了一些有用的工具，可在此类情况下为您提供帮助."
		}, {
			"type": "patchouli:spotlight",
			"item": "rs_ctr2:probe",
			"text": "大多数组件是不透明的，没有任何指示其状态的视觉效果，因此您需要一个 \\i门探测器\\d 来查看它们内部发生的情况。\\p右键单击组件上的工具以链接它。之后，它将显示带有实时状态信息的链接组件的微型模型，如下所示."
		}, {
			"type": "patchouli:text",
			"text": "3D 模型的方向与真实部分相同，并且会随着您转动视图而旋转。 组件上的所有 \\端口\\d 都标有白色数字，这些数字对应于下面每个文本行开头的数字。 蓝色或绿色表示端口方向： \\b输入 / 辅助\\d 或 \\g输出 / 主要\\d. \\p然后根据 $(l:connecting)type$(/l) 以颜色写入每个端口的状态 带有灰色的可选描述."
		}, {
			"type": "patchouli:image",
			"images": ["rs_ctr2:textures/gui/manual/probe.png"],
			"border": true,
			"title": "栅极探针读数",
			"text": "您可能会看到的示例."
		}, {
			"type": "patchouli:text",
			"title": "调试命令",
			"text": "如果你在你的世界中有命令权限，你可以:\\+$(c:/gateUpdater pause)停止所有电路更新$(/c)\\+$(c:/gateUpdater step)在每tick更新信号$(/c)\\+$(c:/gateUpdater resume)恢复正常滴答声$(/c)\\p这些对于调试信号时序问题非常有用，因为您可以缓慢运行电路并逐个滴答地分析它们的状态，这可能 否则走得太快跟不上."
		}, {
			"type": "patchouli:text",
			"text": "请注意，当电路滴答停止时，来自 Redstone Control 的所有设备都将停止响应，而世界上的其他一切都将继续正常运行。\\n这可能会产生不需要的副作用，所以要小心！"
		}
	]
}