{
	"name": "组件连接",
	"icon": "rs_ctr2:data_cable",
	"category": "rs_ctr2:basics",
	"pages": [
		{
			"type": "patchouli:text",
			"text": "Microblock 组件通过 \\o端口\\ 相互交互。 在它们的表面上。\\p不同类型的\\o端口\\。 可以通过它们的纹理来区分：\\+\\r数据\\d (红色棋盘格)\\+\\y供电\\d (金色插座)\\+\\w物品\\d (白色管孔)\\+\\c流体\\d (蓝色管道孔)\\+\\m块交互\\d (紫色)\\+\\D特别的\\d (黑色方块)"
		}, {
			"type": "patchouli:text",
			"text": "每个 \\o端口\\d 也有一个方向，由其周围的蓝色或绿色标记指示。\\p对于 \\r数据 端口\\d，绿色代表 \\g\"主端\" 方向\\d 即控制交互，蓝色代表 \\b\"从属\" 方向\\d 即只是被动的反应从属端口。"
		}, {
			"type": "patchouli:text",
			"text": "连接端口最直接的方法是放置组件，使其表面接触。 端口必须是相同类型和相反方向。\\p如果直接连接不可行，则可以通过在两个端口之间路由 \\i电缆\\d 来连接它们。 除了\\D\"特别的\"\\d类型外，每个端口都有匹配的电缆类型，只能直接连接."
		}, {
			"type": "patchouli:text",
			"anchor": "cable",
			"text": "电缆只能形成恰好有两个端点的路径，这意味着它们不能分支。 因此，如果您想将单个数据输出与多个数据输入连接或使多个主设备可以访问单个从端口，则需要 \\i分离器\\d 这样做。\\p就像电缆一样，每个端口都有一个分离器 类型 (同样除了 \"特别的\")。\\p注意：分离器只能链接 \\c$(t:查看他们的“统计”工具提示) 有限次数 $(/t)\\d 在停止传输之前！"
		}, {
			"type": "patchouli:spotlight",
			"item": "rs_ctr2:not_gate",
			"title": "工具提示中的端口",
			"text": "在项目工具提示中，组件的端口由彩色箭头表示。 颜色代表端口类型，蓝色和绿色代表数据输入和输出。 箭头的方向表示查看零件的项目模型时端口的位置。\\n因此在示例项目中，\\g>\\d 是右数据输出，而 \\b<\\d 是左数据输入."
		}, {
			"type": "patchouli:relations",
			"entries": [
				"rs_ctr2:placement",
				"rs_ctr2:io",
				"rs_ctr2:signals"
			],
			"text": ""
		}
	]
}