{
	"name": "能量",
	"icon": "rs_ctr2:power_cable",
	"category": "rs_ctr2:automation",
	"pages": [
		{
			"type": "patchouli:text",
			"text": "在世界上执行动作的设备通常需要能量才能运行。\\p但红石控制机器本身不能储存能量。 相反，每当设备需要能量来执行操作时，它会尝试从它所 $(l:connecting)连接到$(/l) 的能量存储设备抽取，如果不能立即提供，则操作失败."
		}, {
			"type": "patchouli:text",
			"text": "同样的原理也适用于发电机。 这意味着，您不能将机器直接连接到发电机，它们之间始终必须有存储！\\p由于存储设备是被动的，因此它们也不能直接相互连接。 相反，您可以使用 \\i变压器\\d 在它们之间连续传输功率."
		}, {
			"type": "patchouli:text",
			"title": "存储",
			"text": "\\i电池芯\\d 在同一个块中彼此相邻放置时会形成一个连接结构，并且每个暴露的面都可以通过使用\\i电源线\\d 右键单击而变成电源端口。 您还可以在其上创建一个数据端口以读取电荷。\\p您还可以使用外部 Forge Energy 兼容块进行存储，方法是 $(l:io#resource) 通过 \\i电源端口\\d$(/l) 连接它们."
		}, {
			"type": "patchouli:text",
			"title": "发电机",
			"text": "目前只有 \\i太阳能板\\d 可以从阳光中产生能量。 它们需要清晰的天空视野，并且一天中的功率输出会根据太阳的角度而变化。\\n这些也可以形成连接结构，但只有一个电源端口."
		}
	]
}