{
	"name": "外部输入/输出",
	"icon": "rs_ctr2:analog_out",
	"category": "rs_ctr2:basics",
	"pages": [
		{
			"type": "patchouli:text",
			"text": "微块组件上的端口只能相互交互，而不能与外部块的任何非基于端口的机制交互。 因此，例如要让信号组件接收或发出常规红石信号或具有物品主端口的组件访问常规箱子，您必须使用特殊的适配器组件在端口和外部系统之间进行转换."
		}, {
			"type": "patchouli:text",
			"text": "这些适配器将与它们面对的相邻块交互，并且必须放置以便它们接触该相邻块。\\p一些适配器还具有块交互端口，可选择让它们与远程块连接."
		}, {
			"type": "rs_ctr2:spotlight2",
			"a.item": "rs_ctr2:logic_out",
			"b.item": "rs_ctr2:logic_in",
			"_.title": "逻辑信号输入/输出",
			"_.text": "\\i逻辑读取器\\d 和\\i逻辑发射器\\d 将外部红石信号转换为基于端口的数据信号并返回。 但它们只区分 ON 和 OFF 状态（真或假），不会保留信号强度。\\p它们适用于转换逻辑门的输入和输出."
		}, {
			"type": "rs_ctr2:spotlight3",
			"a.item": "rs_ctr2:analog_out",
			"b.item": "rs_ctr2:analog_in",
			"c.item": "rs_ctr2:comp_in",
			"_.title": "模拟信号输入/输出",
			"_.text": "\\i模拟读取器\\d 和\\i模拟发射器\\d 将红石信号的信号强度转换为数字数据信号并返回。 \\i比较读取器\\d 是一个普通的我的世界比较器 + Analog 读取器 压缩成一个块。\\p注意：不要混合模拟和逻辑信号，除非你 $(l:bitwise) 知道你在做什么$(/l)!"
		}, {
			"type": "rs_ctr2:spotlight2",
			"a.item": "rs_ctr2:growth_sensor",
			"b.item": "rs_ctr2:hardness_sensor",
			"_.title": "方块传感器",
			"_.text": "这些测量块的不同属性并将它们作为数值返回。 与 红石读取器不同，它们不会持续更新，而是需要时钟脉冲来刷新他们的读数。\\p\\/可以与 \\o远程块交互\\d 一起操作."
		}, {
			"anchor": "resource",
			"type": "rs_ctr2:spotlight4",
			"a.item": "rs_ctr2:power_io",
			"b.item": "rs_ctr2:fluid_io",
			"c.item": "rs_ctr2:item_io",
			"d.item": "rs_ctr2:item_dropper",
			"_.title": "资源输入/输出",
			"_.text": "用于与外部块的库存、流体罐和能量存储功能接口。\\p\\/可以与 \\o远程块交互一起操作\\d."
		}
	]
}