{
	"name": "放置提示",
	"icon": "cd4017be_lib:microblock",
	"category": "rs_ctr2:basics",
	"pages": [
		{
			"type": "patchouli:text",
			"text": "要从放置的 \\i微块结构\\d 中移除组件，您必须用手中的另一个微块组件点击它（\\i门探测器\\d 也可以）。 如果您使用常规工具或手动破坏 \\i微块结构\\d，它会将整个块作为项目丢弃。\\p此项目可以放在 \\i微块工作台\\d 中以分解成其组件 或被复制."
		}, {
			"type": "patchouli:text",
			"text": "再次放置时，无论您如何放置它，它都将处于与损坏时相同的方向。 但是您可以通过 GUI 更改 \\i微块结构\\d 的方向，该 GUI 在不瞄准块的情况下右键单击项目时会打开。\\p微块组件的放置与常规块的工作方式大致相同，但其尺寸要小 4 倍 网格。 但是像电缆这样的非不透明部件可以用放在上面的 \\i方块位\\d 覆盖."
		}, {
			"type": "patchouli:text",
			"title": "面向组件",
			"text": "许多微块组件可以放置在不同的方向:\\p放置时\\*不蹲下时\\.，物品模型的右面将指向您，正面将远离您放置的墙壁。 或者当直视墙壁时，它会指向离你的瞄准点最近的网格边缘."
		}, {
			"type": "patchouli:text",
			"text": "在 \\*蹲下时\\. 模式，物品模型上的右面将始终指向您点击的墙壁，正面将指向距您的目标点最近的网格边缘。\\p\\/未来会添加小方块旋转工具。"
		}, {
			"type": "patchouli:text",
			"title": "放置电缆",
			"text": "电缆段始终连接两个不同的面，其中一个面是您放置它的面。\\p\\*不蹲下\\. 另一端将指向您，这对于快速放置较长的电缆线最为方便."
		}, {
			"type": "patchouli:text",
			"text": "\\*蹲下\\.如果您主要瞄准中心，另一端将指向离您的目标点最近的网格边缘，或者直接指向第一端的另一侧。\\n此模式对于在狭小空间中精确放置最有用."
		}
	]
}