{
	"name": "数字信号",
	"icon": "rs_ctr2:not_gate",
	"category": "rs_ctr2:basics",
	"pages": [
		{
			"type": "patchouli:text",
			"text": "逻辑门等微块组件使用自己的信号系统，需要 $(l:io)转换器$(/l) 与常规的我的世界红石接口. 与 红石的主要区别是:\\n\\+Only $(l:connecting#cable)方向 1 对 1 连接$(/l) 在输入和输出之间一对一的.\\+传输是无损的，没有距离限制."
		}, {
			"type": "patchouli:text",
			"text": "\\+支持的值范围从 -2.147.483.648 到 +2.147.483.647(而不是 0 到 15)，并且值以二进制表示，一根电缆中有 32 个单独的逻辑通道.\\+断开连接的输入是浮动的，这意味着它们 \\*不会重置为零\\. 而是保留他们之前收到的任何状态.\\p最后两点与电路行为特别相关."
		}, {
			"type": "patchouli:text",
			"title": "按位运算符",
			"text": "一些运算符(包括所有逻辑门)按位操作，这意味着它们在所有 32 位通道上并行执行其逻辑:\\n输出的第一位是所有输入的第一位组合在一起的结果，输出的第二位来自 所有输入的第二位等等......\\p\\i位乱序选择门\\d 可用于设置、翻转和重新排序信号的各个位."
		}, {
			"type": "patchouli:text",
			"text": "在某些情况下，例如作为比较的结果，信号应该代表纯布尔状态(真或假). 纯布尔值将所有位通道设置为 1 (true) 或将所有位设置为 0 (false).\\n此约定具有方便的属性，即仅对纯布尔值进行的任何按位逻辑运算也将导致纯布尔值. \\p这个 \\i或缓存门\\d 通过对所有位通道进行 OR 运算来转换为纯布尔值."
		}, {
			"type": "patchouli:text",
			"anchor": "clock",
			"title": "时钟信号",
			"text": "许多设备使用时钟信号来触发操作。 整个 mod 使用的约定是：每次信号中的任何位从 0 变为 1 时都会发生一个触发器，即使多个位发生变化，每个滴答声也最多有一个触发器。\\p使用纯布尔时钟信号最容易 ，但它们最多可以每两个刻度触发一次"
		}, {
			"type": "patchouli:text",
			"title": "浮动输入",
			"text": "断开连接的输入保留其最后状态这一事实意味着您可以在设置常量值后删除常量以节省空间和部件. 如果您只需要 3 输入逻辑门的两个输入，您可以不连接最后一个，因为它们的输入已初始化为操作中性值.\\p小心不要因意外连接而弄乱浮动输入！"
		}
	]
}