{
 "name": "定时",
 "icon": "rs_ctr2:delay",
 "category": "rs_ctr2:basics",
 "pages": [
  {
   "type": "patchouli:text",
   "text": "就像红石火把和中继器有传播延迟一样，大多数组件的信号延迟都是一tick（是普通红石的两倍）. 这意味着操作的输出值将基于上一个刻度的输入值.\\p在项目工具提示中 这由输出的 [t+1] 或输入的 [t-1] 指示."
  }, {
   "type": "patchouli:text",
   "text": "在某些部分，您可能还会遇到 [t+1/2]，这意味着事件发生在两个电路滴答之间. 像块/实体更新这样的常规世界事件都发生在 t 和 t+1/2 之间.\\p还有一些操作符只有一个输入的零滴答延迟，这意味着它们的输出会立即对更改的输入做出反应. 这些运算符也计入 \\c$(t:see stats tool-tip on Splitter item)分离器连接限制$(/t)\\d，因此您可能需要手动插入 ->"
  }, {
   "type": "patchouli:text",
   "text": " \\i延迟线路\\d 或其他具有延迟重置链计数的部分.\\p\\i延迟线路\\d 对于改变不同信号的相对时序，使它们同时到达一个设备或制作设备也是必不可少的 按特定顺序执行操作."
  }, {
   "type": "patchouli:text",
   "text": "在构建复杂机械时，您会发现信号传播延迟通常是速度的主要瓶颈. 超出其电路支持的超频机制将导致不正确的控制信号，从而造成大混乱. 因此，如果事情停止正常工作，您可能运行得太快了.\\p优化电路以处理更高的时钟速率对于高级玩家来说可能是一项有益的挑战."
  }
 ]
}
