{
	"name": "物品和流体运输",
	"icon": "rs_ctr2:item_cable",
	"category": "rs_ctr2:automation",
	"pages": [
		{
			"type": "patchouli:text",
			"text": "除了使用的组件不同外，物品和流体的运输工作基本相同. 导致物体移动的主要 $(l:connecting)active$(/l) 设备是 \\i物品转运器\\d 和 \\i流体泵\\d.\\p当接收到 $(l:signals#clock)时钟脉冲$(/l)他们从输入端连接的任何东西到输出端连接的任何东西获取基于信号量的物品/流体."
		}, {
			"type": "patchouli:text",
			"text": "整个传输发生在一次滴答声中，并且没有任何物品或液体存储在电缆或其他组件中(当然 $(l:transport#buffer)buffers$(/l) 除外). 传输后，设备将发出一个信号，其中包含实际移动的数量. 允许请求移动负数，并将有效交换输入和输出侧.\\p如果没有足够的能量供应，则不会发生任何操作，输出信号将为 0."
		}, {
			"type": "patchouli:text",
			"title": "传输端点",
			"text": "传输端点是实际接受或提供物品/流体以供 转运器/泵 移动的组件. 这些包括与外部世界交互的 $(l:io#resource)external connectors$(/l)，简单存储东西的 \\i缓冲区\\d，以及一些带有被动物品或流体端口的机器."
		}, {
			"anchor": "buffer",
			"type": "rs_ctr2:spotlight2",
			"a.item": "rs_ctr2:item_buffer",
			"b.item": "rs_ctr2:fluid_buffer",
			"_.title": "缓冲器",
			"_.text": "这些可以在同一个方块内形成连接的结构，任何暴露的面都可以通过用\\i流体 / 物品电缆\\d右键单击来变成一个端口.\\n与箱子不同，\\i物品缓冲区\\d具有 一个“全局”堆栈限制，在所有存储的项目类型之间共享，并允许项目堆栈超出其正常堆栈限制."
		}, {
			"type": "rs_ctr2:spotlight2",
			"a.item": "rs_ctr2:item_filter",
			"b.item": "rs_ctr2:fluid_filter",
			"_.title": "过滤器",
			"_.text": "过滤器可以放置在 转运器/泵 和它的 \\o转移 端点\\d 之间以获得更多控制. 它们以两种不同的方式工作，具体取决于是插入还是从中提取事物：\\p对于插入，过滤器仅根据匹配控制事物的去向."
		}, {
			"type": "patchouli:text",
			"text": "对于提取，信号控制过滤器是否应作为黑名单、白名单或“通过”，\\i物品\\d 还允许选择单个项目(有关详细信息，请参阅项目工具提示).\\p您可以 将过滤器放在 转运器/泵 的两侧，甚至将多个过滤器串联(通过“其他路径”)直到 $(t:see Item / Fluid Splitter stats tool-tip)分离器连接限制$(/t)."
		}, {
			"type": "rs_ctr2:spotlight2",
			"a.item": "rs_ctr2:item_counter",
			"b.item": "rs_ctr2:fluid_counter",
			"_.title": "计数器",
			"_.text": "计数器让您可以读取存储在 \\o转移 端点\\d 中作为控制电路信号的项目或流体的数量. 放置在两者之间的过滤器将根据其提取行为影响读数，并让您计算特定的项目或流体类型."
		}
	]
}